sno,claim,url,claim_entered,agent_i,issue_i,position_i,agent_fsp,issue_fsp,position_fsp,agent_correct,issue_correct,position_correct
0,âAshley Hinson voted against the bipartisan infrastructure bill that made this money (for Iowa's locks and dams) possible. Once again sheâs taking credit for work she didnât do.â,https://www.politifact.com/factchecks/2022/jan/21/liz-mathis/hinson-joined-letter-iowa-lock-and-dam-money-she-d/,Ashley Hinson voted against the bipartisan infrastructure bill that made this money (for Iowa's locks and dams) possible,"[0, 13]","[28, 110]","[20, 27]",Ashley Hinson,the bipartisan infrastructure bill that made this money (for Iowa's locks and dams,against,-,-,-
1,Chuck Grassley was âvoting to slash Medicareâ when voting against the debt ceiling bill.,https://www.politifact.com/factchecks/2021/dec/17/abby-finkenauer/context-needed-grassley-comment-about-medicare-vot/,Chuck Grassley was voting to slash Medicare when voting against the debt ceiling bill,"[0, 14]","[26, 43]","[56, 63]",Chuck Grassley,to slash Medicare,against,-,-,-
2,"Ashley Hinsonâs and Mariannette Miller-Meeksâ no votes on the infrastructure bill are ""denying rural Iowa broadband internet.""",https://www.politifact.com/factchecks/2021/nov/22/dave-loebsack/tweet-claiming-hinson-and-miller-meeks-denied-iowa/,Ashley Hinson voted no on the infrastructure bill which led to denying rural Iowa broadband internet,"[0, 13]","[23, 100]","[20, 22]",Ashley Hinson,on the infrastructure bill which led to denying rural Iowa broadband internet,no,-,-,-
3,"Ashley Hinsonâs and Mariannette Miller-Meeksâ no votes on the infrastructure bill are ""denying rural Iowa broadband internet.""",https://www.politifact.com/factchecks/2021/nov/22/dave-loebsack/tweet-claiming-hinson-and-miller-meeks-denied-iowa/,Mariannette Miller-Meeks voted no on the infrastructure bill which led to denying rural Iowa broadband internet,"[0, 24]","[34, 111]","[31, 33]",Mariannette Miller-Meeks,on the infrastructure bill which led to denying rural Iowa broadband internet,no,-,-,-
4,"Says he worked to pass the 2018 farm bill âthat helped farmers, invest(ed) in rural broadband, and added work requirements for able-bodied adults, Budd voted NO.â",https://www.politifact.com/factchecks/2021/aug/03/mark-walker/trumps-farm-bill-food-stamps-and-north-carolinas-g/,"Budd voted to pass the 2018 farm bill that helped farmers, invest(ed) in rural broadband, and added work requirements for able-bodied adults","[0, 4]","[11, 140]","[-1, -1]",Budd,"to pass the 2018 farm bill that helped farmers, invest(ed) in rural broadband, and added work requirements for able-bodied adults",no_position,-,-,-
5,"Says he worked to pass the 2018 farm bill âthat helped farmers, invest(ed) in rural broadband, and added work requirements for able-bodied adults, Budd voted NO.â",https://www.politifact.com/factchecks/2021/aug/03/mark-walker/trumps-farm-bill-food-stamps-and-north-carolinas-g/,"Marl Walker voted to pass the 2018 farm bill that helped farmers, invest(ed) in rural broadband, and added work requirements for able-bodied adults","[0, 11]","[18, 147]","[-1, -1]",Marl Walker,"to pass the 2018 farm bill that helped farmers, invest(ed) in rural broadband, and added work requirements for able-bodied adults",no_position,-,-,-
6,Sen. Raphael Warnock âvoted for welfare for politicians plan. Up to $25 million of government money for Warnockâs own political campaign.â,https://www.politifact.com/factchecks/2021/jun/25/national-republican-senatorial-committee/republicans-mislead-welfare-attack-raphael-warnock/,Sen. Raphael Warnock voted for welfare for politicians plan,"[0, 20]","[31, 54]","[27, 30]",Sen. Raphael Warnock,welfare for politicians,for,-,-,-
7,"Says U.S. Rep. Ann Wagner âvoted five times against protecting pre-existing conditions.""",https://www.politifact.com/factchecks/2020/oct/29/jill-schupp/did-ann-wagner-vote-repeal-pre-existing-conditions/,U.S. Rep. Ann Wagner voted five times against protecting pre-existing conditions,"[0, 20]","[46, 80]","[38, 45]",U.S. Rep. Ann Wagner,protecting pre-existing conditions,against,-,-,-
8,Upton âvoted a dozen times to kick thousands of Michigan families off their health insurance and eliminate protections for preexisting conditionsâ,https://www.politifact.com/factchecks/2020/oct/28/jon-hoadley/upton-voted-dozen-times-support-repealing-affordab/,Upton voted a dozen times to kick thousands of Michigan families off their health insurance and eliminate protections for preexisting conditions,"[0, 5]","[26, 144]","[-1, -1]",Upton,to kick thousands of Michigan families off their health insurance and eliminate protections for preexisting conditions,no_position,-,-,-
9,Abigail Spanberger and other Democrats âvoted to spend public funds on their political campaigns; up to $5 million...â,https://www.politifact.com/factchecks/2020/oct/20/nick-freitas/did-spanberger-other-house-democrats-vote-use-publ/,Abigail Spanberger voted to spend public funds on their political campaigns,"[0, 18]","[25, 75]","[-1, -1]",Abigail Spanberger,to spend public funds on their political campaigns,no_position,-,-,-
10,"Says ""David Schweikert took over $120,000 from the drug industry and voted against legislation to lower prescription drug prices.""",https://www.politifact.com/factchecks/2020/oct/19/afscme/arizona-house-race-attack-ad-zeroes-prescription-d/,"David Schweikert took over $120,000 from the drug industry and voted against legislation to lower prescription drug prices","[0, 16]","[77, 122]","[69, 76]",David Schweikert,legislation to lower prescription drug prices,against,-,-,-
11,"Says Doug Jones ""has voted to spend our tax dollars on late-term abortions"" and ""supports abortion up until birth.""",https://www.politifact.com/factchecks/2020/oct/14/tommy-tuberville/tommy-tuberville-wrong-twice-attack-alabama-sen-do/,Doug Jones has voted to spend our tax dollars on late-term abortions and supports abortion up until birth,"[0, 10]","[21, 105]","[-1, -1]",Doug Jones,to spend our tax dollars on late-term abortions and supports abortion up until birth,no_position,-,-,-
12,Says Martha McSally âvoted to take away money from Fort Huachuca to pay for the border wall.â,https://www.politifact.com/factchecks/2020/oct/14/mark-kelly/kellys-claim-mcsally-voted-take-money-az-military-/,Martha McSally voted to take away money from Fort Huachuca to pay for the border wall,"[0, 14]","[21, 85]","[-1, -1]",Martha McSally,to take away money from Fort Huachuca to pay for the border wall,no_position,-,-,-
13,"Says âLucy McBath voted to release criminals from prison. Murderers, rapists.â",https://www.politifact.com/factchecks/2020/oct/12/national-republican-congressional-committee/lucy-mcbath-didnt-vote-release-murderers-rapists-p/,Lucy McBath voted to release criminals from prison,"[0, 11]","[18, 50]","[-1, -1]",Lucy McBath,to release criminals from prison,no_position,-,-,-
14,Says Joe Cunningham voted for $5 million in taxpayer funds to go into his and other politiciansâ campaigns to pay for personal expenses and TV ads.,https://www.politifact.com/factchecks/2020/oct/12/nancy-mace/sc-rep-cunningham-did-not-vote-5m-tax-funds-go-cam/,Joe Cunningham voted for $5 million in taxpayer funds to go into his and other politicians campaigns to pay for personal expenses and TV ads,"[0, 14]","[25, 140]","[21, 24]",Joe Cunningham,$5 million in taxpayer funds to go into his and other politicians campaigns to pay for personal expenses and TV ads,for,-,-,-
15,Says Kamala Harris and other Democratic senators âvoted to let babies scream until they die if born alive.â,https://www.politifact.com/factchecks/2020/sep/01/viral-image/facebook-post-mischaracterizes-democratic-senators/,Kamala Harris voted to let babies scream until they die if born alive,"[0, 13]","[20, 69]","[-1, -1]",Kamala Harris,to let babies scream until they die if born alive,no_position,-,-,-
16,Sen. Steve Daines âvoted to give billions in tax breaks to big drug companies even as they raised prices.â,https://www.politifact.com/factchecks/2020/aug/25/duty-and-honor/misleading-ad-montana-senate-race-casts-steve-dain/,Sen. Steve Daines voted to give billions in tax breaks to big drug companies even as they raised prices,"[0, 17]","[24, 103]","[-1, -1]",Sen. Steve Daines,to give billions in tax breaks to big drug companies even as they raised prices,no_position,-,-,-
17,Says Rep. Elissa Slotkin âvoted against condemning cyber attacks by the Chinese Communist Party on American organizations developing COVID-19 treatments.â,https://www.politifact.com/factchecks/2020/aug/24/paul-junge/fact-check-junge-says-slotkin-voted-against-condem/,Rep. Elissa Slotkin voted against condemning cyber attacks by the Chinese Communist Party on American organizations developing COVID-19 treatments,"[0, 19]","[34, 146]","[26, 33]",Rep. Elissa Slotkin,condemning cyber attacks by the Chinese Communist Party on American organizations developing COVID-19 treatments,against,-,-,-
18,"Says U.S. Rep. Dan Lipinski âvoted against the DREAM Act, supports separating families and banning Muslims.â",https://www.politifact.com/factchecks/2020/mar/08/rush-darwish/challengers-account-lipinskis-immigration-record-f/,"U.S. Rep. Dan Lipinski voted against the DREAM Act, supports separating families and banning Muslims","[0, 22]","[37, 100]","[29, 36]",U.S. Rep. Dan Lipinski,"the DREAM Act, supports separating families and banning Muslims",against,-,-,-
19,"Says Sen. Thom Tillis voted to ""take away"" coverage for people with pre-existing conditions.",https://www.politifact.com/factchecks/2020/mar/02/cal-cunningham/cunningham-says-tills-voted-take-away-coverage-pre/,Sen. Thom Tillis voted to take away coverage for people with pre-existing conditions,"[0, 16]","[23, 84]","[-1, -1]",Sen. Thom Tillis,to take away coverage for people with pre-existing conditions,no_position,-,-,-
20,"""Not once in his entire career in Washington, D.C., which started way back in 1991, has Democratic Socialist Bernie Sanders ever voted yes on sanctions against Russia.""",https://www.politifact.com/factchecks/2020/feb/27/tweets/dating-back-1991-and-his-time-house-bernie-sanders/,Bernie Sanders never voted yes on sanctions against Russia,"[0, 14]","[-1, -1]","[27, 30]",Bernie Sanders,no_issue,yes,-,-,-
21,"Rep. Ilhan Omar ""voted yes"" to ""provide further funding for the 9/11 First Responders Victims Fund"" while Sen. Rand Paul ""voted no.""",https://www.politifact.com/factchecks/2019/jul/24/facebook-posts/facebook-post-compares-votes-rand-paul-ilhan-omar-/,Sen. Rand Paul voted no to provide further funding for the 9/11 First Responders Victims Fund,"[0, 14]","[24, 93]","[21, 23]",Sen. Rand Paul,to provide further funding for the 9/11 First Responders Victims Fund,no,-,-,-
22,"Rep. Ilhan Omar ""voted yes"" to ""provide further funding for the 9/11 First Responders Victims Fund"" while Sen. Rand Paul ""voted no.""",https://www.politifact.com/factchecks/2019/jul/24/facebook-posts/facebook-post-compares-votes-rand-paul-ilhan-omar-/,Rep. Ilhan Omar voted yes to provide further funding for the 9/11 First Responders Victims Fund,"[0, 15]","[26, 95]","[-1, -1]",Rep. Ilhan Omar,to provide further funding for the 9/11 First Responders Victims Fund,no_position,-,-,-
23,"Says Joe Biden ""voted for the Iraq War, for mass incarceration, and for the Bankruptcy Reform Act while voting against gay marriage, reproductive rights, and school desegregation.""",https://www.politifact.com/factchecks/2019/apr/26/justice-democrats/biden-draws-barbs-progressive-democratic-organizat/,"Joe Biden voted for the Iraq War, for mass incarceration, and for the Bankruptcy Reform Act while voting against gay marriage, reproductive rights, and school desegregation","[0, 9]","[20, 91]","[16, 19]",Joe Biden,"the Iraq War, for mass incarceration, and for the Bankruptcy Reform Act",for,-,-,-
24,"Says ""Bob Casey voted in favor of deadly sanctuary cities that released thousands upon thousands of illegal alien criminals and vicious gang members to prey on PennsylvaniaÂ streets, to prey all over this country.""",https://www.politifact.com/factchecks/2018/oct/31/donald-trump/donald-trumps-wild-number-sanctuary-city-criminal-/,"Bob Casey voted in favor of deadly sanctuary cities that released thousands upon thousands of illegal alien criminals and vicious gang members to prey on Pennsylvania streets, to prey all over this country","[0, 9]","[25, 205]","[16, 24]",Bob Casey,"of deadly sanctuary cities that released thousands upon thousands of illegal alien criminals and vicious gang members to prey on Pennsylvania streets, to prey all over this country",in favor,-,-,-
25,"""George Holding has voted 13 times to deny Kevin, and the 300,000 people like him in the 2nd Congressional District, coverage"" for their pre-existing conditions.",https://www.politifact.com/factchecks/2018/oct/29/linda-coleman/holding-voted-quite-consistently-healthcare-bills/,"George Holding has voted 13 times to deny Kevin, and the 300,000 people like him in the 2nd Congressional District, coverage for their pre-existing conditions","[0, 14]","[34, 114]","[-1, -1]",George Holding,"to deny Kevin, and the 300,000 people like him in the 2nd Congressional District",no_position,-,-,-
26,"Says Beto OâRourke ""voted to shield MS-13 gang members from deportation.""",https://www.politifact.com/factchecks/2018/oct/25/donald-trump/mostly-false-donald-trump-claim-beto-orourke-voted/,Beto O'Rourke voted to shield MS-13 gang members from deportation,"[0, 13]","[20, 65]","[-1, -1]",Beto O'Rourke,to shield MS-13 gang members from deportation,no_position,-,-,-
27,"Says Ted Budd ""voted to gut protections for pre-existing conditions â¦ letting insurance companies deny coverage for (necessary) treatment.""",https://www.politifact.com/factchecks/2018/oct/22/kathy-manning/fact-checking-kathy-mannings-ad-ted-budd-and-pre-e/,Ted Budd voted to gut protections for pre-existing conditions letting insurance companies deny coverage for (necessary) treatment,"[0, 8]","[15, 129]","[-1, -1]",Ted Budd,to gut protections for pre-existing conditions letting insurance companies deny coverage for (necessary) treatment,no_position,-,-,-
28,"Says Dave Brat ""voted against protecting pre-existing conditions.""",https://www.politifact.com/factchecks/2018/oct/11/abigail-spanberger/spanberger-ad-exaggerates-brats-vote-pre-existing-/,Dave Brat voted against protecting pre-existing conditions,"[0, 9]","[24, 58]","[16, 23]",Dave Brat,protecting pre-existing conditions,against,-,-,-
29,"Says Marsha Blackburn ""voted against the Reauthorization of the Violence Against Women Act, which attempts to protect women from domestic violence, stalking, and date rape.""",https://www.politifact.com/factchecks/2018/oct/09/taylor-swift/taylor-swift-marsha-blackburn-voted-against-reauth/,"Marsha Blackburn voted against the Reauthorization of the Violence Against Women Act, which attempts to protect women from domestic violence, stalking, and date rape","[0, 16]","[31, 165]","[23, 30]",Marsha Blackburn,"the Reauthorization of the Violence Against Women Act, which attempts to protect women from domestic violence, stalking, and date rape",against,-,-,-
30,"Says Bruce Poliquin ""voted to strip 117,000 Mainers of their insurance.""",https://www.politifact.com/factchecks/2018/oct/05/maine-democratic-party/did-bruce-poliquin-vote-strip-117000-people-health/,"Bruce Poliquin voted to strip 117,000 Mainers of their insurance","[0, 14]","[21, 64]","[-1, -1]",Bruce Poliquin,"to strip 117,000 Mainers of their insurance",no_position,-,-,-
31,"Says U.S. Rep. John Faso ""voted for an age tax on seniors.""",https://www.politifact.com/factchecks/2018/oct/03/antonio-delgado/antonio-delgado-misleads-claiming-john-faso-voted-/,U.S. Rep. John Faso voted for an age tax on seniors,"[0, 19]","[30, 51]","[26, 29]",U.S. Rep. John Faso,an age tax on seniors,for,-,-,-
32,"Says JackyÂ Rosen ""voted against stopping criminals from re-entering the United States.""",https://www.politifact.com/factchecks/2018/oct/02/senate-leadership-fund/gop-super-pac-ad-skips-over-jacky-rosens-yes-vote-/,Jacky Rosen voted against stopping criminals from re-entering the United States,"[0, 11]","[26, 79]","[18, 25]",Jacky Rosen,stopping criminals from re-entering the United States,against,-,-,-
33,"Says ""Texas U.S. Rep John Culberson voted to let insurance companies charge people 50 and over five times more than younger people.""",https://www.politifact.com/factchecks/2018/sep/24/lizzie-pannill-fletcher/texass-fletcher-tries-hit-culberson-obamacare/,Texas U.S. Rep John Culberson voted to let insurance companies charge people 50 and over five times more than younger people,"[0, 29]","[36, 124]","[-1, -1]",Texas U.S. Rep John Culberson,to let insurance companies charge people 50 and over five times more than younger people,no_position,-,-,-
34,"Says U.S. Rep. Kyrsten Sinema ""voted to cut ICE.""",https://www.politifact.com/factchecks/2018/sep/21/martha-mcsally/martha-mcsallys-claim-kyrsten-sinema-voted-cut-ice/,U.S. Rep. Kyrsten Sinema voted to cut ICE,"[0, 24]","[31, 41]","[-1, -1]",U.S. Rep. Kyrsten Sinema,to cut ICE,no_position,-,-,-
35,"Says she voted to stop a new ""age tax"" under which ""Arizonans age 50 & over could be charged 5 times more for their health care.""",https://www.politifact.com/factchecks/2018/sep/19/kyrsten-sinema/fact-checking-kyrsten-sinemas-claim-about-age-tax-/,Kyrsten Sinema voted to stop a new age tax under which Arizonans age 50 & over could be charged 5 times more for their health care.,"[0, 14]","[21, 71]","[-1, -1]",Kyrsten Sinema,to stop a new age tax under which Arizonans age 50,no_position,-,-,-
36,"Says Steve Chabot ""voted to strip insurance protections for pre-existing conditions.""",https://www.politifact.com/factchecks/2018/sep/12/aftab-pureval/chabots-votes-contradict-his-health-care-talk/,Steve Chabot voted to strip insurance protections for pre-existing conditions,"[0, 12]","[19, 77]","[-1, -1]",Steve Chabot,to strip insurance protections for pre-existing conditions,no_position,-,-,-
37,"Says Joe Donnelly ""voted to grant amnesty to millions of illegal immigrants, including criminals, drunk drivers, domestic violence, and worse.""",https://www.politifact.com/factchecks/2018/sep/12/one-nation-pac/immigration-joe-donnelly-amnesty-criminals-indiana/,"Joe Donnelly voted to grant amnesty to millions of illegal immigrants, including criminals, drunk drivers, domestic violence, and worse.","[0, 12]","[-1, -1]","[-1, -1]",Joe Donnelly,no_issue,no_position,-,-,-
38,"Says Beto OâRourke ""voted against"" Hurricane Harvey ""tax relief.""",https://www.politifact.com/factchecks/2018/aug/29/ted-cruz/ted-cruz-says-beto-orourke-voted-against-tax-relie/,Beto O'Rourke voted against Hurricane Harvey tax relief,"[0, 13]","[28, 55]","[20, 27]",Beto O'Rourke,Hurricane Harvey tax relief,against,-,-,-
39,"Says Kevin Cramer voted to let insurance companies go back to denying coverage for 300,000 North Dakotans with pre-existing conditions.",https://www.politifact.com/factchecks/2018/aug/24/heidi-heitkamp/kevin-cramers-votes-pre-existing-conditions/,"Kevin Cramer voted to let insurance companies go back to denying coverage for 300,000 North Dakotans with pre-existing conditions","[0, 12]","[19, 129]","[-1, -1]",Kevin Cramer,"to let insurance companies go back to denying coverage for 300,000 North Dakotans with pre-existing conditions",no_position,-,-,-
40,"""President Trump proposed the increase to $700 billion to our military budget, which included the 355-ship Navy, which included a military pay increase, a modest one, which included, a yet even more modest housing allowance, but yet (Sen. Tim Kaine) even voted against giving more money to our men and women who are in the military service and against our housing allowance.""",https://www.politifact.com/factchecks/2018/jul/25/corey-stewart/stewart-mark-repeated-attacks-kaines-support-milit/,Sen. Tim Kaine even voted against giving more money to our men and women who are in the military service and against our housing allowance,"[0, 14]","[34, 104]","[26, 33]",Sen. Tim Kaine,giving more money to our men and women who are in the military service,against,-,-,-
41,"Says Ron DeSantis ""voted in an agricultural bill to give food stamps to illegal immigrants.""",https://www.politifact.com/factchecks/2018/jun/29/adam-putnam/putnam-parrots-previous-absurd-claim-food-stamps-i/,Ron DeSantis voted in an agricultural bill to give food stamps to illegal immigrants,"[0, 12]","[22, 84]","[19, 21]",Ron DeSantis,an agricultural bill to give food stamps to illegal immigrants,in,-,-,-
42,"Says Bill Nelson voted for ""cuts to Medicare providers"" and voted to weaken ""Social Security protections"" as a U.S. senator.",https://www.politifact.com/factchecks/2018/jun/15/new-republican-pac/republican-pac-misleads-ad-about-sen-bill-nelsons-/,Bill Nelson voted for cuts to Medicare providers and voted to weaken Social Security protections as a U.S. senator,"[0, 11]","[22, 48]","[18, 21]",Bill Nelson,cuts to Medicare providers,for,-,-,-
43,"Says Marsha Blackburn ""voted against military pay raise.""",https://www.politifact.com/factchecks/2018/jun/05/tennessee-democratic-party/tennessee-democrats-slam-blackburn-military-pay-vo/,Marsha Blackburn voted against military pay raise,"[0, 16]","[31, 49]","[23, 30]",Marsha Blackburn,military pay raise,against,-,-,-
44,"Rep. Dan Donovan ""voted for Tax Cuts""",https://www.politifact.com/factchecks/2018/jun/04/donald-trump/did-rep-dan-donovan-vote-tax-cuts-trump-said/,Rep. Dan Donovan voted for Tax Cuts,"[0, 16]","[27, 35]","[23, 26]",Rep. Dan Donovan,Tax Cuts,for,-,-,-
45,"""Jim Renacci has been a lobbyist even while in Congress"" and ""voted to make it easier for lobbyists to hold key government positions and harder to investigate conflicts of interest.""",https://www.politifact.com/factchecks/2018/may/31/sherrod-brown/sherrod-brown-misleads-lobbyist-attack-jim-renacci/,Jim Renacci voted to make it easier for lobbyists to hold key government positions and harder to investigate conflicts of interest,"[0, 11]","[18, 130]","[-1, -1]",Jim Renacci,to make it easier for lobbyists to hold key government positions and harder to investigate conflicts of interest,no_position,-,-,-
46,"Says Dean Heller ""has voted for a GOP bill that funded efforts to revive Yucca Mountain.""",https://www.politifact.com/factchecks/2018/may/14/jacky-rosen/rosen-misleads-heller-yucca-mountain-vote/,Dean Heller has voted for a GOP bill that funded efforts to revive Yucca Mountain,"[0, 11]","[26, 81]","[22, 25]",Dean Heller,a GOP bill that funded efforts to revive Yucca Mountain,for,-,-,-
47,"Says Bill Nelson ""voted against requiring Iran to recognize Israel and release American hostages.""",https://www.politifact.com/factchecks/2018/may/04/rick-scott/gov-rick-scott-attack-mischaracterizes-vote-sen-bi/,Bill Nelson voted against requiring Iran to recognize Israel and release American hostages,"[0, 11]","[26, 90]","[18, 25]",Bill Nelson,requiring Iran to recognize Israel and release American hostages,against,-,-,-
48,"Says Luke Messer and Todd Rokita ""voted to fast-track Obamaâs trade deals.""",https://www.politifact.com/factchecks/2018/may/04/mike-braun/indianas-mike-braun-misleads-about-opponents-recor/,Todd Rokita voted to fast-track Obama trade deals,"[0, 11]","[18, 49]","[-1, -1]",Todd Rokita,to fast-track Obama trade deals,no_position,-,-,-
49,"Says Luke Messer and Todd Rokita ""voted to fast-track Obamaâs trade deals.""",https://www.politifact.com/factchecks/2018/may/04/mike-braun/indianas-mike-braun-misleads-about-opponents-recor/,Luke Messer voted to fast-track Obama trade deals,"[0, 11]","[18, 49]","[-1, -1]",Luke Messer,to fast-track Obama trade deals,no_position,-,-,-
50,"""Congresswoman Martha McSally voted to let companies sell your internet data to the highest bidder without your consent. Then she got paid $42,000 by the very corporations she allowed to sell your personal info.""",https://www.politifact.com/factchecks/2018/apr/11/arizona-democratic-party/arizona-democratic-party-claims-gop-lawmaker-mcsal/,Congresswoman Martha McSally voted to let companies sell your internet data to the highest bidder without your consent,"[0, 28]","[35, 118]","[-1, -1]",Congresswoman Martha McSally,to let companies sell your internet data to the highest bidder without your consent,no_position,-,-,-
51,"Says U.S. Rep. Ron DeSantis ""voted in favor of food stamps for illegal immigrants.""",https://www.politifact.com/factchecks/2018/mar/29/uncle-sams-misguided-children/misleading-attack-ron-desantis-about-farm-bill-foo/,U.S. Rep. Ron DeSantis voted in favor of food stamps for illegal immigrants,"[0, 22]","[38, 75]","[29, 31]",U.S. Rep. Ron DeSantis,of food stamps for illegal immigrants,in,-,-,-
52,"""Heitkamp High-Fives Schumer After Voting Against 20-Week Abortion Ban.""",https://www.politifact.com/factchecks/2018/feb/06/say-anything-blog/heitkamp-didnt-high-five-schumer-abortion/,Heitkamp Voted Against 20-Week Abortion Ban,"[0, 8]","[-1, -1]","[15, 22]",Heitkamp,no_issue,Against,-,-,-
53,"""In Congress, @RonDeSantisFL was the DECIDING vote AGAINST our state's right to protect Florida waters from drilling.""",https://www.politifact.com/factchecks/2018/jan/12/gwen-graham/did-ron-desantis-cast-deciding-vote-against-legisl/,"In Congress, RonDeSantis was the DECIDING vote AGAINST our state's right to protect Florida waters from drilling","[-1, -1]","[-1, -1]","[-1, -1]",no_agent,no_issue,no_position,-,-,-
54,"U.S. Rep. Carlos Curbelo voted for a health care bill that will let insurance companies ""charge five times more for people over 50.""",https://www.politifact.com/factchecks/2017/may/11/save-my-care/gop-health-care-bill-charges-five-times-more-peopl/,Carlos Curbelo voted for a health care bill that will let insurance companies charge five times more for people over 50,"[0, 14]","[25, 119]","[21, 24]",Carlos Curbelo,a health care bill that will let insurance companies charge five times more for people over 50,for,-,-,-
55,"Roy Blunt ""voted to raise his own pay 12 times"" while in Congress.",https://www.politifact.com/factchecks/2016/nov/06/jason-kander/kander-ad-accusing-blunt-voting-raise-his-pay-misl/,Roy Blunt voted to raise his own pay 12 times while in Congress,"[0, 9]","[16, 36]","[-1, -1]",Roy Blunt,to raise his own pay,no_position,-,-,-
56,"Says Donald Trump and Ron Johnson ""oppose a woman's right to choose and Johnson voted against the Violence Against Women Act.""",https://www.politifact.com/factchecks/2016/nov/03/russ-feingold/russ-feingolds-attack-donald-trump-and-ron-johnson/,Johnson voted against the Violence Against Women Act,"[0, 7]","[22, 52]","[14, 21]",Johnson,the Violence Against Women Act,against,-,-,-
57,"""Richard Burr voted to protect tax breaks for companies that ship jobs overseas but voted against a tax break to help working people.""",https://www.politifact.com/factchecks/2016/nov/02/deborah-ross/did-richard-burr-vote-protect-tax-breaks-companies/,Richard Burr voted to protect tax breaks for companies that ship jobs overseas but voted against a tax break to help working people,"[0, 12]","[97, 131]","[89, 96]",Richard Burr,a tax break to help working people,against,-,-,-
58,"""Sen. (Richard) Burr voted no on the Violence Against Women Act.""",https://www.politifact.com/factchecks/2016/oct/18/deborah-ross/nc-senate-race-democrat-deborah-ross-ad-against-go/,Richard Burr voted no on the Violence Against Women Act,"[0, 12]","[22, 55]","[19, 21]",Richard Burr,on the Violence Against Women Act,no,-,-,-
59,"""Kelly Ayotte voted to give big oil more than $20 billion in tax breaks.""",https://www.politifact.com/factchecks/2016/oct/07/democratic-senatorial-campaign-committee/ad-claims-kelly-ayotte-voted-billion-dollar-tax-br/,Kelly Ayotte voted to give big oil more than $20 billion in tax breaks,"[0, 12]","[19, 70]","[-1, -1]",Kelly Ayotte,to give big oil more than $20 billion in tax breaks,no_position,-,-,-
60,"Says Rep. John Katko ""promised he wouldnât vote to defund Planned Parenthood and since heâs been in office heâs done that four times""",https://www.politifact.com/factchecks/2016/oct/05/colleen-deacon/katko-voted-against-planned-parenthood-funding-fou/,Rep. John Katko promised he wouldn vote to defund Planned Parenthood and since he been in office he done that four times,"[0, 15]","[40, 68]","[-1, -1]",Rep. John Katko,to defund Planned Parenthood,no_position,-,-,-
61,"Says Rob Portman ""even voted to allow people on the terrorism watch list to buy guns.""",https://www.politifact.com/factchecks/2016/sep/29/ted-strickland/sen-rob-portman-voted-let-terrorists-buy-guns-nope/,Rob Portman even voted to allow people on the terrorism watch list to buy guns,"[0, 11]","[23, 78]","[-1, -1]",Rob Portman,to allow people on the terrorism watch list to buy guns,no_position,-,-,-
62,"Says Miami Congressman Carlos ""Curbelo supports drilling offshore"" and ""repeatedly voted against President Obama's ability to fight pollution and combat climate change.""",https://www.politifact.com/factchecks/2016/sep/29/democratic-congressional-campaign-committee/democrats-mislead-attack-carlos-curbelos-record-cl/,Miami Congressman Carlos Curbelo supports drilling offshore and repeatedly voted against President Obama's ability to fight pollution and combat climate change,"[0, 32]","[89, 159]","[81, 88]",Miami Congressman Carlos Curbelo,President Obama's ability to fight pollution and combat climate change,against,-,-,-
63,"Says MarcoÂ Rubio ""voted to slash school funding by billions of dollars and would eliminate the Department of Education.""",https://www.politifact.com/factchecks/2016/sep/27/afscme-people/unions-attack-marco-rubios-education-record/,Marco Rubio voted to slash school funding by billions of dollars and would eliminate the Department of Education,"[0, 11]","[18, 64]","[-1, -1]",Marco Rubio,to slash school funding by billions of dollars,no_position,-,-,-
64,"Says Marco Rubio voted ""against every bill that would have helped keep our families safe. He even voted against a bipartisan measure, introduced by a Republican, to prevent people on the no-fly list from purchasing guns.""",https://www.politifact.com/factchecks/2016/sep/22/patrick-murphy/patrick-murphy-attacks-marco-rubio-votting-against/,Marco Rubio voted against every bill that would have helped keep our families safe,"[0, 11]","[32, 82]","[18, 25]",Marco Rubio,bill that would have helped keep our families safe,against,-,-,-
65,"Says ""Patrick Murphy is the only candidate to have voted against every measure to fund Zika.""",https://www.politifact.com/factchecks/2016/sep/14/marco-rubio/patrick-murphy-has-voted-against-every-zika-fundin/,Patrick Murphy is the only candidate to have voted against every measure to fund Zika,"[0, 14]","[59, 85]","[51, 58]",Patrick Murphy,every measure to fund Zika,against,-,-,-
66,"Nevada Republican Senate nominee ""Joe Heck voted to criminalize abortion for rape victims.""",https://www.politifact.com/factchecks/2016/sep/13/planned-parenthood-votes/planned-parenthood-votes-says-joe-heck-voted-crimi/,Nevada Republican Senate nominee Joe Heck voted to criminalize abortion for rape victims,"[0, 41]","[48, 88]","[-1, -1]",Nevada Republican Senate nominee Joe Heck,to criminalize abortion for rape victims,no_position,-,-,-
67,"""Marco Rubio voted against funding health clinics that provide critical care during this public health emergency (Zika).""",https://www.politifact.com/factchecks/2016/sep/08/naral-pro-choice/naral-misleads-attack-marco-rubio-about-zika-fundi/,Marco Rubio voted against funding health clinics that provide critical care during this public health emergency (Zika),"[0, 11]","[26, 111]","[18, 25]",Marco Rubio,funding health clinics that provide critical care during this public health emergency,against,-,-,-
68,"Says Hillary Clinton ""voted to raise taxes on workers earning as little as $41,500.""",https://www.politifact.com/factchecks/2016/aug/29/republican-party-florida/republican-party-florida-facebook-post-misses-mark/,"Hillary Clinton voted to raise taxes on workers earning as little as $41,500","[0, 15]","[22, 76]","[-1, -1]",Hillary Clinton,"to raise taxes on workers earning as little as $41,500",no_position,-,-,-
69,"Says Ron Johnson ""voted five times for tax breaks that help companies ship Wisconsin jobs overseas.""",https://www.politifact.com/factchecks/2016/aug/26/russ-feingold/feingold-johnson-voted-five-times-tax-breaks-help-/,Ron Johnson voted five times for tax breaks that help companies ship Wisconsin jobs overseas,"[0, 11]","[33, 92]","[29, 32]",Ron Johnson,tax breaks that help companies ship Wisconsin jobs overseas,for,-,-,-
70,"Says Marco Rubio ""voted against the bipartisan Violence Against Women Act.""",https://www.politifact.com/factchecks/2016/aug/24/patrick-murphy/rubio-voted-against-violence-against-women-act-mur/,Marco Rubio voted against the bipartisan Violence Against Women Act,"[0, 11]","[26, 67]","[18, 25]",Marco Rubio,the bipartisan Violence Against Women Act,against,-,-,-
71,"""Mike Pence voted against expanding the Childrenâs Health Insurance program, which Hillary helped to start.""",https://www.politifact.com/factchecks/2016/aug/08/howard-dean/howard-dean-largely-right-mike-pences-health-polic/,Mike Pence voted against expanding the Children Health Insurance program,"[0, 10]","[25, 64]","[17, 24]",Mike Pence,expanding the Children Health Insurance,against,-,-,-
72,"Says Debbie Wasserman Schultz ""has voted for huge subsidies for the sugar industry ... as well as for delays in cleanups.""",https://www.politifact.com/factchecks/2016/jul/25/tim-canova/tim-canova-attacks-debbie-wasserman-schultzs-recor/,Debbie Wasserman Schultz has voted for huge subsidies for the sugar industry ... as well as for delays in cleanups,"[0, 24]","[35, 114]","[-1, -1]",Debbie Wasserman Schultz,for huge subsidies for the sugar industry ... as well as for delays in cleanups,no_position,-,-,-
73,"Says Sen. John McCain ""told dreamers that heâll support the Dream Act, then he voted against it.""",https://www.politifact.com/factchecks/2016/may/24/ann-kirkpatrick/did-john-mccain-support-dream-act-then-vote-agains/,"Sen. John McCain told dreamers that he support the Dream Act, then he voted against it","[67, 69]","[27, 30]","[17, 27]",he,ers,told dream,-,-,-
74,"Kelly Ayotte ""has voted to defund Planned Parenthood"" six times.",https://www.politifact.com/factchecks/2016/apr/29/maggie-hassan/maggie-hassan-says-kelly-ayotte-has-record-voting-/,Kelly Ayotte has voted to defund Planned Parenthood six times,"[0, 12]","[23, 51]","[-1, -1]",Kelly Ayotte,to defund Planned Parenthood,no_position,-,-,-
75,"""Kelly Ayotte has voted four times against the federal Paycheck Fairness Act.""",https://www.politifact.com/factchecks/2016/apr/29/maggie-hassan/maggie-hassan-says-kelly-ayotte-repeatedly-voted-a/,Kelly Ayotte has voted four times against the federal Paycheck Fairness Act,"[0, 12]","[42, 75]","[34, 41]",Kelly Ayotte,the federal Paycheck Fairness Act,against,-,-,-
76,"Says he ""was the only Republican"" to vote against creating a House panel to investigate Planned Parenthood.",https://www.politifact.com/factchecks/2016/apr/26/david-jolly/us-rep-david-jolly-says-he-voted-against-house-pla/,U.S. Rep. David Jolly was the only Republican to vote against creating a House panel to investigate Planned Parenthood,"[0, 21]","[62, 118]","[54, 61]",U.S. Rep. David Jolly,creating a House panel to investigate Planned Parenthood,against,-,-,-
77,"SaysÂ Bernie Sanders ""voted for what we call the 'Charleston Loophole.'""",https://www.politifact.com/factchecks/2016/jan/18/hillary-clinton/fact-checking-hillary-clintons-claim-bernie-sander/,Bernie Sanders voted for what we call the Charleston Loophole,"[0, 14]","[25, 61]","[21, 24]",Bernie Sanders,what we call the Charleston Loophole,for,-,-,-
78,"""Marco Rubio voted against authorizing President Obama to strike Syria after Assad used chemical weapons on his own people.""",https://www.politifact.com/factchecks/2016/jan/07/hillary-clinton/hillary-clintons-syrian-air-strikes-claim-against-/,Marco Rubio voted against authorizing President Obama to strike Syria after Assad used chemical weapons on his own people,"[0, 11]","[26, 121]","[18, 25]",Marco Rubio,authorizing President Obama to strike Syria after Assad used chemical weapons on his own people,against,-,-,-